ID,X,Y,Z,Radio (mm),Altura (mm),Aletas_Detectadas,Es_HeatStake_Potencial,Distancia_Origen
86,549.704452133834,89152.3473410999,-29762.9937527808,95027.4304,2.9026,0,False,93990.84534432535
88,1624.1286527517,-13554.8754940168,5390.91385805716,13534.7314,0.6756,0,False,14677.683596670797
87,1601.12539014545,-10437.6108379417,4323.76764337532,10239.7849,0.599,0,False,11410.621768912764
234,2065.25751851983,-725.93713093363,1381.49355621941,0.5,0.8167,4,True,2588.589921510664
230,2058.34683246957,-739.43713093363,1378.47435172181,3.0,20.2481,12,True,2585.2950492537084
231,2058.34683246957,-739.43713093363,1378.47435172181,2.0,20.0014,2,False,2585.2950492537084
232,2057.6512773198,-723.43713093363,1385.56817189895,3.0,0.819,4,True,2584.0064280974
233,2063.35378601336,-725.93713093363,1372.8348842209,0.5,0.8167,4,True,2582.4579732606744
235,2050.98132613479,-725.93713093363,1380.09376331733,0.5,0.8167,4,True,2576.464227147189
236,2054.53061388947,-725.93713093363,1371.9697646302,0.5,0.8167,4,True,2574.952775593494
515,1705.83877494788,-719.552213085873,1762.99963856242,0.5,0.8586,4,True,2556.522841486789
9,2006.06651716332,-723.154958052563,1406.87630398837,0.5,25.9052,2,False,2554.712684307915
519,1712.95144705919,-719.552213085873,1751.43106233766,0.5,0.8586,4,True,2553.325050490081
514,1701.43372142285,-735.452213085873,1752.32047379992,3.0,30.0,12,True,2550.7633581000987
513,1701.43372142285,-735.452213085873,1752.32047379992,2.0,30.0,1,False,2550.7633581000987
516,1692.63846858724,-719.552213085873,1759.80997205687,0.5,0.8586,4,True,2545.527746941474
280,1987.53633352041,-720.154958052563,1413.19804762033,0.5,17.4724,2,False,2542.843401090471
518,1704.14701381418,-719.552213085873,1741.09162252375,0.5,0.8586,4,True,2540.3292050580667
517,1691.59290270577,-719.552213085873,1746.27007351889,0.5,0.8586,4,True,2535.488336693541
278,1976.09729716702,-719.154958052563,1401.00080532114,0.5,25.1004,1,False,2526.8453925938697
279,1973.41105919749,-722.118760605206,1399.5105416952,3.5,25.723,0,False,2524.7646364160264
8,1974.8526871191,-719.154958052563,1398.71442181056,3.5,26.0158,1,False,2524.604726149019
7,1972.09535639799,-722.052737770622,1398.71442181056,0.5,26.4424,0,False,2523.276101545254
136,2046.42264240094,-725.7,1282.4459031065,0.5,0.8167,4,True,2521.736230402754
135,2040.83139641692,-725.7,1289.32592974744,0.5,0.8167,4,True,2520.7131196786627
131,2038.89224726845,-739.2,1282.03807148431,3.0,23.2196,12,True,2519.349093060864
130,2038.89224726845,-739.2,1282.03807148431,2.0,23.0167,2,False,2519.349093060864
251,2014.78848542557,-718.300000000002,1329.69975470736,0.5,0.808,4,True,2518.6164790758194
134,2041.60713826058,-725.7,1275.00226702538,0.5,0.8167,4,True,2514.04673343922
252,2003.53206106391,-718.300000000002,1337.29679169697,0.5,0.808,4,True,2513.6543753654782
120,1978.43458135847,-721.537130933634,1371.42218905204,0.5,0.808,4,True,2513.0893427523215
132,2032.56031221897,-725.7,1286.13438397393,0.5,0.8167,4,True,2512.3860305390326
249,2003.93206106391,-731.300000000002,1325.7517037119,3.0,24.5172,12,True,2511.6052586453266
250,2003.93206106391,-731.300000000002,1325.7517037119,2.0,24.4541,2,False,2511.6052586453266
117,1971.39365364303,-734.537130933634,1368.7194301288,3.0,22.2115,12,True,2509.8467309292687
118,1971.39365364303,-734.537130933634,1368.7194301288,2.0,22.1638,2,False,2509.8467309292687
119,1970.93796921895,-719.037130933634,1377.41440691115,3.0,0.809,4,True,2509.757223823967
255,2011.04170031571,-718.300000000002,1316.64664543134,0.5,0.808,4,True,2508.745104496331
133,2033.03974704485,-725.7,1277.28187356831,0.5,0.8167,4,True,2508.2543905294697
121,1976.13989644919,-721.537130933634,1362.85830838325,0.5,0.808,4,True,2506.6167418222135
123,1964.1087816295,-721.537130933634,1370.67140570179,0.5,0.808,4,True,2501.415447261526
253,1992.82842310675,-718.300000000002,1328.93890949432,0.5,0.808,4,True,2500.6796354411513
6,1941.44379952615,-719.979970205562,1400.08990414863,0.5,26.4378,1,False,2499.565346998285
122,1967.28606530066,-721.537130933634,1362.39429875461,0.5,0.808,4,True,2499.3896293537664
254,1997.46963540761,-718.300000000002,1316.17641722951,0.5,0.808,4,True,2497.6309166180904
483,1825.43978065497,-765.292276993312,1519.35500585818,1.0,1.1597,3,True,2495.2639731799086
506,1818.43990995772,-773.796276930512,1519.08909538521,0.25,0.8481,2,False,2492.6122971767627
507,1818.14559117581,-773.796276930512,1519.1668577125,0.25,0.738,2,False,2492.444986449175
352,1817.95248770208,-773.796276930512,1519.29188946236,0.25,1.5638,2,False,2492.380342387536
357,1817.77266734101,-773.796276930512,1519.36199849151,0.25,1.3141,2,False,2492.291923267354
354,1817.772667341,-773.796276930512,1519.3619984915,0.25,1.5638,2,False,2492.2919232673407
356,1817.78322953309,-773.796276930512,1518.85776470786,0.25,1.3136,2,False,2491.9922666767307
355,1817.78322953308,-773.796276930512,1518.85776470786,0.25,1.5638,2,False,2491.9922666767234
353,1817.60340917201,-773.796276930512,1518.927873737,0.25,1.5638,2,False,2491.903833786617
351,1812.44222429782,-766.268797960039,1521.16048452963,1.0,2.5002,2,False,2487.1758898073876
484,1818.27842115003,-771.296276930511,1508.30054889236,0.25,1.8145,2,False,2485.156918469276
485,1817.73056259717,-771.296276930511,1508.28907289163,0.25,1.8145,2,False,2484.7491367160155
350,1810.44332076152,-766.403166956893,1516.35295800197,1.0,2.5002,2,False,2482.8220083712968
489,1807.44112067652,-771.296276930511,1508.07258319742,0.25,1.8145,2,False,2477.099971279117
494,1807.44112067652,-771.296276930511,1508.07258319742,0.25,1.8145,2,False,2477.099971279117
496,1807.16239126581,-771.296276930511,1508.34174906056,0.25,1.8145,2,False,2477.060493240223
491,1807.16239126581,-771.296276930511,1508.34174906056,0.25,1.8145,2,False,2477.060493240223
508,1807.19077768942,-771.296276930511,1508.09224475407,0.25,1.5553,2,False,2476.9292828944326
487,1807.37628474656,-771.296276930511,1507.86727050642,0.25,6.9102,2,False,2476.9276709132278
492,1807.36426449603,-771.296276930511,1507.87747241655,0.25,1.8145,2,False,2476.9251105363414
486,1806.98077549076,-771.296276930511,1508.24655024635,0.25,6.9044,2,False,2476.8700260873743
493,1806.97008158317,-771.296276930511,1508.25813043072,0.25,1.8145,2,False,2476.8692760325334
497,1807.17195481339,-771.296276930511,1507.79385378671,0.25,1.8145,2,False,2476.733882876377
490,1807.17195481339,-771.296276930511,1507.79385378671,0.25,1.8145,2,False,2476.733882876377
495,1806.89322540268,-771.296276930511,1508.06301964984,0.25,1.8145,2,False,2476.6943990020977
488,1806.89322540268,-771.296276930511,1508.06301964984,0.25,1.8145,2,False,2476.6943990020977
509,1806.97684403252,-771.296276930511,1507.87070996721,0.25,1.5604,2,False,2476.638314258586
258,2007.2901430728,-719.786191602888,1257.75782084377,0.5,0.808,4,True,2475.7343589313214
276,1912.05088820677,-715.979970205562,1396.74240410213,0.5,24.72,1,False,2473.7532739230187
277,1909.92436363645,-719.367874166987,1394.98185307644,3.5,25.1078,0,False,2472.0994283418713
5,1910.3251755824,-715.979970205562,1394.18721909106,3.5,25.6259,1,False,2470.9770529238726
259,1996.03371871115,-719.786191602888,1265.35485783338,0.5,0.808,4,True,2470.4990759149428
4,1908.09607730735,-719.301283331444,1394.18721909106,0.5,25.8824,0,False,2470.2192166515956
256,1996.43371871115,-732.786191602888,1253.80976984831,3.0,24.7057,12,True,2468.757204501441
257,1996.43371871115,-732.786191602888,1253.80976984831,2.0,24.6275,2,False,2468.757204501441
262,2003.54335796294,-719.786191602888,1244.70471156775,0.5,0.808,4,True,2466.0835281592877
362,1796.46856657496,-781.537400226027,1497.12229548572,3.0,15.0885,1,False,2465.6591788575283
364,1796.46856657496,-781.537400226027,1497.12229548572,3.0,14.7744,1,False,2465.6591788575283
365,1796.46856657496,-781.537400226027,1497.12229548572,2.0,14.8227,2,False,2465.6591788575283
363,1796.46856657496,-781.537400226027,1497.12229548572,3.0,14.8222,1,False,2465.6591788575283
361,1796.46856657496,-781.537400226027,1497.12229548572,3.0,14.823,1,False,2465.6591788575283
360,1796.46856657496,-774.04627693051,1497.12229548573,3.9,5.0,0,False,2463.294971610655
359,1796.46856657496,-774.04627693051,1497.12229548573,3.9,5.0,0,False,2463.294971610655
358,1796.46856657496,-774.04627693051,1497.12229548573,3.9,5.0,0,False,2463.294971610655
349,1793.51215577516,-766.26762125021,1497.97988571313,1.0,2.5011,2,False,2459.22663825253
260,1985.33008075399,-719.786191602888,1256.99697563073,0.5,0.808,4,True,2457.5738214575845
261,1989.97129305485,-719.786191602888,1244.23448336591,0.5,0.808,4,True,2454.8314317690765
143,2007.48525850032,-727.200000000006,1200.77240954566,0.5,0.8167,4,True,2449.626763942253
142,2011.79685680588,-727.200000000006,1193.02599629271,0.5,0.8167,4,True,2449.378994946319
138,2004.31004607817,-740.700000000006,1193.93199994113,2.0,20.7485,2,False,2447.727286952799
137,2004.31004607817,-740.700000000006,1193.93199994113,3.0,20.9008,12,True,2447.727286952799
139,2000.01217349307,-727.200000000006,1197.92582960715,0.5,0.8167,4,True,2442.1086845921623
141,2005.76193715309,-727.200000000006,1186.53164928795,0.5,0.8167,4,True,2441.2615884607917
140,1997.72055338273,-727.200000000006,1190.26433535721,0.5,0.8167,4,True,2436.4803379939576
126,1937.22080827954,-720.400000000003,1278.16470135743,0.5,0.808,4,True,2430.124610761219
3,1812.66994231537,-816.52439730882,1396.97143235059,254.9711,1.9658,1,False,2429.81760508434
1,1812.66994231537,-816.52439730882,1396.97143235059,254.9711,5.197,1,False,2429.81760508434
0,1812.66994231537,-816.52439730882,1396.97143235059,254.9711,4.38,2,False,2429.81760508434
124,1930.50695285721,-733.400000000003,1274.72904796119,3.0,24.837,10,True,2426.8635727510673
125,1930.50695285721,-733.400000000003,1274.72904796119,2.0,24.7833,2,False,2426.8635727510673
419,1724.07280937706,-760.728879913524,1526.45689057708,0.5,0.808,4,True,2425.119815505626
127,1935.84914883072,-720.400000000003,1269.40546729853,0.5,0.808,4,True,2424.433609616074
424,1765.05118912005,-764.293822354651,1473.65556044776,0.5,0.808,4,True,2423.058286121526
339,1720.50001835578,-773.728879913524,1517.61392249029,3.0,24.4768,10,True,2421.1420260924056
340,1720.50001835578,-773.728879913524,1517.61392249029,2.0,24.2662,2,False,2421.1420260924056
420,1756.93522615369,-764.293822354651,1479.55215269853,0.5,0.808,4,True,2420.752157562615
367,1756.93522615369,-777.293822354651,1471.01852422609,2.0,25.1166,2,False,2419.690594639473
366,1756.93522615369,-777.293822354651,1471.01852422609,3.0,25.2003,12,True,2419.690594639473
129,1923.05590332446,-720.400000000003,1275.89585118011,0.5,0.808,4,True,2417.649765861399
128,1927.09475612106,-720.400000000003,1268.00324077357,0.5,0.808,4,True,2416.7131765440367
265,1955.83877494788,-719.552213085873,1222.99963856242,0.5,0.8586,4,True,2416.358586151942
269,1962.95144705919,-719.552213085873,1211.43106233766,0.5,0.8586,4,True,2416.298613513052
416,1713.19390907637,-760.728879913524,1523.74447609198,0.5,0.808,4,True,2415.6860365642888
423,1761.95116711833,-764.293822354651,1464.1146737682,0.5,0.808,4,True,2415.004915138371
418,1722.80733593011,-760.728879913524,1508.35977715553,0.5,0.808,4,True,2412.866088868126
263,1951.43372142285,-735.452213085873,1212.32047379992,2.0,25.2131,2,False,2412.1990917073167
264,1951.43372142285,-735.452213085873,1212.32047379992,3.0,25.2968,12,True,2412.1990917073167
421,1748.81926318733,-764.293822354651,1473.65556044776,0.5,0.808,4,True,2411.259955505246
417,1712.4118034743,-760.728879913524,1512.5598448992,0.5,0.808,4,True,2408.0905086424973
422,1751.91928518904,-764.293822354651,1464.1146737682,0.5,0.808,4,True,2407.6955801450736
266,1942.63846858724,-719.552213085873,1219.80997205687,0.5,0.8586,4,True,2404.066549603221
268,1954.14701381418,-719.552213085873,1201.09162252375,0.5,0.8586,4,True,2403.969014911047
267,1941.59290270577,-719.552213085873,1206.27007351889,0.5,0.8586,4,True,2396.3776575200877
150,1970.79501058776,-730.567091313621,1139.26813844174,0.5,0.8167,4,True,2390.751584739946
149,1972.65839885585,-730.567091313621,1130.61876650234,0.5,0.8167,4,True,2388.1809455429134
144,1965.76895906663,-744.067091313621,1133.6861427222,2.0,21.4104,2,False,2388.1222135824946
145,1965.76895906663,-744.067091313621,1133.6861427222,3.0,21.5476,12,True,2388.1222135824946
432,1681.25800536258,-775.669073868509,1502.14265989783,3.5,7.1608,3,True,2384.265833215063
146,1961.9982437007,-730.567091313621,1140.21721331688,0.5,0.8167,4,True,2383.9590341990333
434,1681.19999844681,-775.662486451425,1501.53037035928,1.0,6.7747,3,True,2383.837070937701
435,1676.29336879981,-782.790957541228,1501.94587896725,3.0,4.2588,3,True,2382.9734712827235
482,1674.8464050986,-792.998636347905,1496.51332527406,0.5,3.116,4,True,2381.9129813333157
148,1964.98066490139,-730.567091313621,1126.18602473696,0.5,0.8167,4,True,2379.742055488281
433,1675.70293853368,-782.280534776634,1495.13317458973,0.5,4.6001,3,True,2378.1014240480977
147,1958.39232669016,-730.567091313621,1132.11819110756,0.5,0.8167,4,True,2377.124392787638
480,1673.22341290453,-788.084009191235,1489.05918615609,1.0,3.0344,4,True,2374.457886531292
316,1633.1913951045,-762.124785733049,1529.94780864843,0.25,1.5638,2,False,2364.083039840217
319,1633.1913951045,-762.124785733049,1529.94780864843,0.25,1.5638,2,False,2364.083039840217
321,1632.83612683004,-762.124785733049,1529.97889059495,0.25,1.5638,2,False,2363.857739326994
318,1632.83612683004,-762.124785733049,1529.97889059495,0.25,1.5638,2,False,2363.857739326994
317,1633.16031315797,-762.124785733049,1529.59254037397,0.25,1.5638,2,False,2363.8316642837704
322,1633.16031315797,-762.124785733049,1529.59254037397,0.25,1.5638,2,False,2363.8316642837704
320,1632.80504488352,-762.124785733049,1529.6236223205,0.25,1.5638,2,False,2363.606339809277
315,1632.80504488352,-762.124785733049,1529.6236223205,0.25,1.5638,2,False,2363.606339809277
477,1650.72353981932,-775.237597375425,1503.24860511746,1.0,3.0829,4,True,2363.39541890172
479,1663.34870577924,-787.885478744031,1481.66400853297,1.0,3.0354,4,True,2362.7993310510255
156,1903.22610786211,-721.067091313621,1168.89902185823,0.5,0.808,4,True,2347.0262655378547
155,1907.60538739644,-721.067091313621,1161.19009575258,0.5,0.808,4,True,2346.7548876423575
114,1840.71781798671,-717.299999999988,1264.63313980568,0.5,0.8087,2,False,2345.6466813543148
151,1900.11053437024,-734.067091313621,1162.03077821753,3.0,17.9176,12,True,2345.120480252398
152,1900.11053437024,-734.067091313621,1162.03077821753,2.0,17.8285,2,False,2345.120480252398
112,1834.66825576929,-730.3,1260.11828299535,2.0,25.1437,2,False,2342.4866671694585
111,1834.66825576929,-730.3,1260.11828299535,3.0,25.1733,15,True,2342.4866671694585
115,1841.00054660022,-717.299999999994,1256.02174034038,0.5,0.808,4,True,2341.237475095164
157,1894.54121165647,-721.067091313621,1167.11626869545,0.5,0.808,4,True,2339.099086719894
153,1901.62703478925,-721.067091313621,1154.64296423975,0.5,0.808,4,True,2338.6584839358648
478,1608.62038738795,-757.773339348464,1514.72631097351,1.0,2.6153,2,False,2335.867244023705
154,1893.55293014694,-721.067091313621,1158.30554054166,0.5,0.808,4,True,2333.9134891193066
473,1602.81350957574,-783.466843495089,1504.48830854127,1.0,3.0618,4,True,2333.7344561607756
116,1832.72899766311,-717.299999999994,1252.83001523895,0.5,0.808,4,True,2333.0233423519035
113,1827.81422451683,-717.3,1257.54392277309,0.5,0.808,4,True,2331.7034217604933
446,1596.27353988767,-783.267559357597,1507.37307591343,0.5,2.6304,3,True,2331.0450175138694
415,1581.03156284774,-751.628879913523,1538.4389164483,0.5,0.808,4,True,2330.5366496760876
474,1599.03617642784,-783.271300052553,1502.56147384671,1.0,3.0631,4,True,2329.832956608559
314,1587.5463332984,-751.628879913523,1529.0448383305,0.5,0.808,4,True,2328.7823966859582
453,1596.49974195618,-783.153986652112,1502.20782642324,0.5,3.3372,2,False,2327.8251537953793
291,1576.5000108898,-764.628879913523,1532.42534388861,3.0,24.4053,12,True,2327.73216735205
312,1576.5000108898,-764.628879913523,1532.42534388861,2.0,24.3506,2,False,2327.73216735205
445,1590.93192365373,-783.247771036938,1507.51572564745,0.5,2.6052,3,True,2327.476126539056
476,1605.28735588648,-783.842042368515,1490.36380338284,1.0,3.0473,4,True,2326.486644876178
160,1895.03034382759,-723.567091313621,1138.23404719854,0.5,0.808,4,True,2325.997868842819
162,1899.05541527585,-723.567091313621,1130.33439968878,0.5,0.808,4,True,2325.4282747572283
414,1572.18109008659,-751.628879913523,1538.59340202499,0.5,0.808,4,True,2324.643845818268
450,1587.23912997801,-782.902264397553,1506.64724330731,0.5,5.1646,2,False,2324.2740645409444
454,1587.23912997801,-782.902264397553,1506.64724330731,0.5,5.3299,2,False,2324.2740645409444
452,1589.85351480226,-782.974836813697,1503.55076700241,0.5,0.779,2,False,2324.080184194614
159,1891.60641354645,-736.567091313621,1131.51420565866,2.0,17.7361,2,False,2324.0116827123784
158,1891.60641354645,-736.567091313621,1131.51420565866,3.0,17.8463,12,True,2324.0116827123784
447,1594.48999119325,-774.804364465812,1502.51251177449,0.5,2.0882,2,False,2323.846807181921
448,1579.80362106996,-774.804368877344,1517.52949536407,0.5,2.1269,2,False,2323.574199477414
443,1584.95652245965,-783.300448382488,1507.66611171667,0.5,2.6358,3,True,2323.511109278898
475,1598.96790512583,-781.92248012646,1492.73170998537,1.0,3.0635,4,True,2323.004322971751
472,1604.52306424822,-783.383030044523,1484.9749579372,0.5,6.7458,2,False,2322.355240088567
449,1585.80581527528,-782.866312860256,1503.6570232723,0.5,0.821,2,False,2321.345340790211
462,1596.94454720814,-782.675610657721,1490.12389098584,0.5,3.1959,2,False,2320.190123430196
444,1579.70356361667,-783.287529177712,1507.80559045286,0.5,2.602,3,True,2320.0173277088747
466,1599.06447247974,-782.734822706087,1487.16662061497,0.5,3.2139,2,False,2319.7727361306297
468,1592.61589271316,-783.056923983747,1493.67121759389,0.5,5.4367,2,False,2319.6243735117628
161,1886.27351710591,-723.567091313621,1136.84710209921,0.5,0.808,4,True,2318.188614094747
456,1595.95897610028,-775.042933723155,1491.81201565505,0.5,2.2613,3,True,2318.0335831393886
163,1892.78621951634,-723.567091313621,1124.06520392926,0.5,0.808,4,True,2317.2638156039857
457,1600.33714332373,-775.366682725406,1485.72663734296,0.5,2.273,3,True,2317.2518434327712
470,1582.65238446076,-782.784510164333,1500.3852319909,0.5,13.8895,2,False,2317.044670214394
461,1593.79714673748,-774.939822614275,1492.03275181727,0.5,2.2277,3,True,2316.653363392416
451,1579.24669893501,-782.691251640141,1502.85514134297,0.5,3.0131,2,False,2316.2899877502678
460,1588.6613184257,-783.661860537175,1490.44849724473,0.5,2.6265,3,True,2315.039399073317
296,1618.51931910759,-785.401841709598,1456.77751265811,0.25,1.5638,2,False,2314.8783036418295
292,1618.26714691023,-785.401841709598,1457.02968485547,0.25,1.5638,2,False,2314.860711636844
295,1618.26714691023,-785.401841709598,1457.02968485547,0.25,1.5638,2,False,2314.860711636844
300,1578.4190277562,-778.16664823411,1503.85028335413,5.0,5.0907,4,True,2314.8467842064697
436,1578.4190277562,-778.16664823411,1503.85028335413,5.0,2.2289,3,True,2314.8467842064697
298,1578.4190277562,-778.16664823411,1503.85028335413,5.0,5.0907,4,True,2314.8467842064697
431,1578.80107727019,-777.176532437929,1503.8401455615,3.0,14.8458,2,False,2314.7681066500354
293,1618.26714691023,-785.401841709598,1456.52534046076,0.25,1.5638,2,False,2314.5432981765834
294,1618.26714691023,-785.401841709598,1456.52534046076,0.25,1.5638,2,False,2314.5432981765834
297,1618.01497471288,-785.401841709598,1456.77751265811,0.25,1.5638,2,False,2314.525703625324
164,1886.40978324301,-723.567091313621,1128.41745977239,0.5,0.808,4,True,2314.1774282595898
458,1596.93206687312,-784.450447582372,1479.06498499625,0.5,2.6191,3,True,2313.6956932063895
313,1565.57633702355,-751.628879913523,1528.66736493085,0.5,0.808,4,True,2313.611711755618
440,1578.35271727699,-783.107229791143,1497.40400095856,4.5,4.9839,2,False,2312.2873903504124
510,1571.20464457989,-782.475179725067,1503.62141815942,0.5,1.0084,4,True,2311.239669783932
511,1571.20464457989,-782.475179725067,1503.62141815942,0.5,1.0084,4,True,2311.239669783932
299,1571.9099808424,-774.02443131808,1505.63577164397,1.0,4.8612,4,True,2310.1848162004626
301,1571.9099808424,-774.02443131808,1505.63577164397,1.0,4.8535,4,True,2310.1848162004626
302,1571.9099808424,-774.02443131808,1505.63577164397,1.0,1.3524,3,True,2310.1848162004626
437,1571.9099808424,-774.02443131808,1505.63577164397,1.0,2.4222,2,False,2310.1848162004626
428,1571.86763674885,-774.024442085379,1504.02264371515,3.5,16.923,2,False,2309.1049818516058
430,1582.89087320816,-777.296841182662,1490.70923956362,3.0,10.6625,3,True,2309.1011092454532
481,1587.97716580817,-758.866424980929,1494.56698607574,1.0,5.18,2,False,2308.956518854135
441,1582.29097030329,-778.781633758303,1490.31182554382,4.5,9.1532,2,False,2308.9337117245987
465,1580.87355454039,-785.475648067893,1487.59762190218,0.5,5.3929,2,False,2308.4799920817736
455,1581.27370095208,-780.255488389661,1489.61716364959,3.0,16.4853,2,False,2308.2860391910544
426,1581.19542428947,-779.753265568259,1489.55146973991,0.5,17.4077,3,True,2308.0203001625973
471,1591.80793481675,-786.603247513971,1472.52222741159,0.5,6.2487,2,False,2306.7117029586257
425,1551.61285947753,-763.792968650232,1524.03381249266,0.5,74.9558,2,False,2305.1163151295605
438,1549.57832077511,-766.740677912948,1522.64448870421,1.0,8.5955,2,False,2303.8078214911766
439,1580.83713804518,-768.52447890546,1488.7651668196,4.5,12.2525,2,False,2303.4968316963614
427,1580.83713804518,-768.52447890546,1488.7651668196,2.0,12.2528,2,False,2303.4968316963614
469,1580.34532266182,-773.486000350198,1484.13259301188,0.5,3.5727,2,False,2301.8300296149164
464,1580.34532266182,-773.486000350198,1484.13259301188,0.5,3.3804,2,False,2301.8300296149164
512,1571.20464457989,-782.487717517701,1488.29817664003,0.5,1.0084,4,True,2301.3045269597674
19,1793.39125287547,-715.621581976807,1251.52055471442,0.5,10.0778,3,True,2301.0150224094423
15,1793.39125287547,-715.621581976807,1251.52055471442,3.0,10.3406,7,True,2301.0150224094423
459,1587.74289024481,-775.071275163364,1472.03495473719,0.5,2.2177,3,True,2299.6847338438433
168,1897.38485941815,-734.299999999991,1071.79858559435,0.5,0.8167,2,False,2299.5690906844416
21,1786.76826209374,-715.621581857758,1258.20611181156,0.5,10.0778,3,True,2299.5081410262605
14,1786.76826209374,-715.621581857758,1258.20611181156,3.0,10.3426,6,True,2299.5081410262605
169,1899.2004702778,-734.299999999997,1065.37281032937,0.5,0.8167,4,True,2298.0814044094504
166,1891.84937625169,-747.800000000003,1067.05643561516,2.0,20.9546,1,False,2297.152223778747
165,1891.84937625169,-747.800000000003,1067.05643561516,3.0,21.1099,9,True,2297.152223778747
429,1574.54852707838,-753.228413003614,1492.28908897482,2.0,4.0338,2,False,2296.4065039434845
37,1843.97752817862,-724.23402600295,1161.05889456283,0.5,10.0778,3,True,2296.2634442701988
32,1843.97752817862,-724.23402600295,1161.05889456283,3.0,10.3406,7,True,2296.2634442701988
39,1838.90372555852,-724.234025832308,1168.95285485398,0.5,10.0778,3,True,2296.1996021508116
34,1838.90372555852,-724.234025832308,1168.95285485398,3.0,10.3406,7,True,2296.1996021508116
31,1838.0737435609,-718.549476526609,1168.99024583978,2.0,0.2987,1,False,2293.7669087885097
22,1779.77107131632,-726.999998603337,1250.59361114054,1.0,1.0165,4,True,2293.490450054072
12,1784.66651264044,-718.364213511302,1246.39065014408,5.0,8.005,2,False,2292.2851823803435
13,1784.66651264044,-718.364213511302,1246.39065014408,4.0,3.1188,2,False,2292.2851823803435
18,1784.66651264044,-718.364213511302,1246.39065014408,2.5,2.4944,2,False,2292.2851823803435
10,1781.55655272857,-718.364213266747,1249.52999006614,5.0,8.2432,2,False,2291.5750237657826
17,1781.55655272857,-718.364213266747,1249.52999006614,2.5,2.658,2,False,2291.5750237657826
11,1781.55655272857,-718.364213266747,1249.52999006614,4.0,3.1107,2,False,2291.5750237657826
463,1577.93973663426,-753.867096730162,1480.6434536624,0.5,8.4748,3,True,2291.4001066717005
467,1584.27755668743,-756.262699712477,1472.51744812757,0.5,8.2048,3,True,2291.326315180801
40,1831.17026894523,-735.700000000004,1163.42317381196,1.0,1.0165,4,True,2290.8497386846752
170,1892.51976643398,-734.299999999997,1059.54486091427,0.5,0.8167,4,True,2289.8608841222567
36,1835.08488856666,-727.064214555229,1158.29423992218,2.5,2.7911,2,False,2288.625016591714
28,1835.08488856666,-727.064214555229,1158.29423992218,4.0,1.885,2,False,2288.625016591714
27,1835.08488856666,-727.064214555229,1158.29423992218,5.0,7.0213,3,True,2288.625016591714
16,1781.43530297149,-714.342670014981,1246.29977931518,3.0,5.1346,2,False,2288.462437707537
20,1781.43530297149,-714.342670014981,1246.29977931518,0.5,5.1346,2,False,2288.462437707537
442,1543.86684581289,-763.099271431388,1506.92790874205,2.5,8.3285,2,False,2288.37869632739
167,1886.2879738541,-734.300000000003,1062.29208109165,0.5,0.8167,4,True,2285.988468006048
30,1831.66859324219,-718.484971739341,1162.22120768796,5.0,8.2311,3,True,2285.1670892266857
35,1831.66859324219,-718.484971739341,1162.22120768796,2.5,3.255,2,False,2285.1670892266857
29,1831.66859324219,-718.484971739341,1162.22120768796,4.0,2.3704,2,False,2285.1670892266857
33,1831.90539702105,-723.042671411649,1158.87715663601,3.0,5.1346,2,False,2285.0961363780098
38,1831.90539702105,-723.042671411649,1158.87715663601,0.5,5.1346,2,False,2285.0961363780098
110,1787.01599976714,-719.545979103488,1220.0898067988,0.5,0.8087,4,True,2280.305184864974
109,1781.9514979619,-719.545979103488,1227.29586397156,0.5,0.8087,4,True,2280.208914738813
104,1779.52460545928,-732.545979103488,1220.20749102471,3.0,23.8803,12,True,2278.648229562543
105,1779.52460545928,-732.545979103488,1220.20749102471,2.0,23.6433,2,False,2278.648229562543
409,1497.66080976767,-748.828879913523,1544.94027916609,0.5,0.808,4,True,2278.2829189317754
406,1490.49953619899,-748.828879913523,1550.14324896842,0.5,0.808,4,True,2277.1204735639953
323,1490.49953619899,-761.828879913523,1542.61344033352,3.0,24.9861,10,True,2276.319032116833
324,1490.49953619899,-761.828879913523,1542.61344033352,2.0,24.9251,2,False,2276.319032116833
411,1505.48703162687,-741.80560515924,1533.80346096414,0.5,0.808,4,True,2273.6138227737633
107,1781.72764926206,-719.545979103488,1213.04638522631,0.5,0.8087,4,True,2272.3955124272534
108,1773.53311320508,-719.545979103488,1224.70603065671,0.5,0.8087,4,True,2272.2391998215803
326,1502.06857004177,-754.80560515924,1527.09435234455,2.0,16.9075,2,False,2271.113967120487
325,1502.06857004177,-754.80560515924,1527.09435234455,3.0,16.9722,10,True,2271.113967120487
412,1509.50567423737,-741.80560515924,1525.91643075889,0.5,0.808,4,True,2270.9698126704448
407,1483.33826263031,-748.828879913523,1544.94027916609,0.5,0.808,4,True,2268.893465759343
106,1773.39476710025,-719.545979103488,1215.89936847018,0.5,0.8087,4,True,2267.3964563500426
410,1496.74419129499,-741.80560515924,1532.41873109133,0.5,0.808,4,True,2266.8978577387475
408,1486.07362573081,-748.828879913523,1536.52169718349,0.5,0.808,4,True,2264.9632311366313
413,1503.24649162743,-741.80560515924,1519.65724814895,0.5,0.808,4,True,2262.605516277082
404,1456.57460918386,-741.780956490104,1539.75044042412,0.5,0.808,4,True,2245.5912358033374
369,1535.65422496842,-747.903443379602,1456.36996229781,0.5,0.808,4,True,2244.6841484640436
341,1452.36399363073,-754.780956490104,1533.50794615164,3.0,19.0458,12,True,2242.9226654491104
342,1452.36399363073,-754.780956490104,1533.50794615164,2.0,18.9863,2,False,2242.9226654491104
286,1532.46362571817,-760.903443379602,1450.1080586904,3.0,16.1732,10,True,2242.817914181857
303,1532.46362571817,-760.903443379602,1450.1080586904,2.0,16.0785,2,False,2242.817914181857
405,1459.60211024921,-741.780956490104,1531.43244960971,0.5,0.808,4,True,2241.8658870175345
403,1447.72818053765,-741.780956490104,1539.44151632854,0.5,0.808,4,True,2239.6508777776376
401,1452.6092637588,-741.780956490104,1526.48432864152,0.5,0.808,4,True,2233.9353316865304
368,1533.79857932311,-747.903443379602,1441.6794933452,0.5,0.808,4,True,2233.906310498435
402,1445.28828802059,-741.780956490104,1530.93259992311,0.5,0.808,4,True,2232.2302409044178
311,1518.62996018873,-753.985043863959,1442.33196253145,1.0,6.3364,4,True,2225.994585009852
502,1514.07551589913,-763.044494697276,1441.2342146234,0.25,1.814,2,False,2225.2679906326266
499,1514.07551589913,-763.044494697276,1441.2342146234,0.25,1.814,2,False,2225.2679906326266
500,1514.26037800148,-763.044494697276,1440.90071456262,0.25,1.814,2,False,2225.1778046933855
505,1514.26037800148,-763.044494697276,1440.90071456262,0.25,1.814,2,False,2225.1778046933855
501,1513.74201583836,-763.044494697276,1441.04935252105,0.25,1.814,2,False,2224.921353172633
504,1513.74201583836,-763.044494697276,1441.04935252105,0.25,1.814,2,False,2224.921353172633
306,1518.14656394129,-751.977207954581,1442.20592115114,0.5,6.342,2,False,2224.903734972217
503,1513.92687794071,-763.044494697276,1440.71585246028,0.25,1.814,2,False,2224.831153182074
498,1513.92687794071,-763.044494697276,1440.71585246028,0.25,1.814,2,False,2224.831153182074
310,1519.34808331542,-753.730583986298,1438.70465541901,1.0,2.7815,4,True,2224.0502415716464
307,1518.87876019655,-754.867672120103,1437.25155012002,1.5,2.0111,2,False,2223.1756360914524
289,1518.87475616683,-751.708858401989,1438.37577432195,0.5,9.3272,2,False,2222.8296382937533
290,1518.87475616683,-751.708858401989,1438.37577432195,1.5,6.7123,2,False,2222.8296382937533
288,1514.28552243049,-757.120436467733,1439.80118533154,6.0,8.7925,2,False,2222.4579753151193
287,1514.28556148492,-757.115927904231,1439.80119625061,5.0,6.7606,2,False,2222.4564730794327
103,1694.32465555464,-715.323930765348,1242.30461383718,3.0,10.3575,8,True,2219.401973033971
94,1694.32465555464,-715.323930765348,1242.30461383718,0.5,10.0947,3,True,2219.401973033971
99,1694.32465555464,-715.323930765348,1242.30461383718,3.0,0.2376,2,False,2219.401973033971
305,1510.96392309979,-753.673919455801,1436.47627484148,1.0,2.0735,2,False,2216.8672585338604
309,1510.96392309979,-753.673919455801,1436.47627484148,1.0,3.1533,3,True,2216.8672585338604
304,1511.08076228156,-753.570110456068,1434.96720059051,0.5,1.7434,2,False,2215.9340803103228
308,1511.08076228156,-753.570110456068,1434.96720059051,0.5,3.2178,2,False,2215.9340803103228
98,1694.71934309456,-715.323930765348,1235.52264513352,3.0,10.3575,8,True,2215.914751163089
92,1694.71934309456,-715.323930765348,1235.52264513352,0.5,10.0947,3,True,2215.914751163089
102,1694.71934309456,-715.323930765348,1235.52264513352,3.0,0.3073,2,False,2215.914751163089
347,1469.65596194764,-758.047768244748,1474.74525666067,3.0,17.9645,10,True,2215.716280906071
348,1469.65596194764,-758.047768244748,1474.74525666067,2.0,17.8788,2,False,2215.716280906071
397,1467.70710406696,-745.047768244748,1482.01849328813,0.5,0.808,4,True,2214.8677465580467
91,1684.73643369736,-722.270000000003,1242.57297003936,1.0,1.0165,4,True,2214.4973221477917
400,1475.5077223188,-745.047768244748,1470.00659454602,0.5,0.808,4,True,2212.0439877176223
382,1401.99398536741,-742.195435536145,1541.35684475545,0.5,0.808,4,True,2211.836820927701
89,1685.61633219905,-718.055879434799,1237.40122768409,4.0,1.1586,2,False,2210.897660146474
90,1685.61633219905,-718.055879434799,1237.40122768409,5.0,6.5799,2,False,2210.897660146474
95,1685.61633219905,-718.055879434799,1237.40122768409,2.5,3.5242,2,False,2210.897660146474
100,1684.70851647036,-709.473010049363,1240.07563523886,4.0,0.8501,2,False,2208.9323933903743
101,1684.70851647036,-709.473010049363,1240.07563523886,5.0,7.1179,2,False,2208.9323933903743
96,1684.70851647036,-709.473010049363,1240.07563523886,2.5,3.769,2,False,2208.9323933903743
97,1683.2118116009,-714.133170782092,1238.25541498101,3.0,2.6892,2,False,2208.2718720877333
93,1683.2118116009,-714.133170782092,1238.25541498101,0.5,2.6892,2,False,2208.2718720877333
346,1396.93990777632,-755.195435536145,1533.26862987397,2.0,20.8078,2,False,2207.4134055831823
345,1396.93990777632,-755.195435536145,1533.26862987397,3.0,20.8664,12,True,2207.4134055831823
386,1406.19405311108,-742.195435536145,1530.96131229963,0.5,0.808,4,True,2207.278487027376
398,1462.13647265378,-745.047768244748,1475.1393363959,0.5,0.808,4,True,2206.575469684519
399,1466.95751986669,-745.047768244748,1467.71557470385,0.5,0.808,4,True,2204.82415405133
383,1390.80935417463,-742.195435536145,1540.57473915337,0.5,0.808,4,True,2204.2176052077557
396,1445.50575917988,-748.971656586886,1477.33977793832,0.5,0.808,4,True,2198.403571156022
385,1397.60520653894,-742.195435536145,1523.75441430872,0.5,0.808,4,True,2196.81175638714
338,1440.13149047396,-761.971656586885,1471.37104785547,2.0,22.7572,2,False,2195.3387610489217
337,1440.13149047396,-761.971656586885,1471.37104785547,3.0,22.8364,12,True,2195.3387610489217
384,1388.09693968953,-742.195435536145,1529.69583885269,0.5,0.808,4,True,2194.9115102685487
392,1447.46883047573,-748.971656586886,1468.10425361282,0.5,0.808,4,True,2193.502828137073
247,1600.61569291422,-794.46697367888,1271.42398276824,2.833,15.0335,3,True,2193.095372442339
248,1600.61569291422,-794.46697367888,1271.42398276824,2.833,13.2705,3,True,2193.095372442339
244,1600.61569291422,-794.46697367888,1271.42398276824,2.833,15.1535,3,True,2193.095372442339
246,1600.61569291422,-794.46697367888,1271.42398276824,2.833,13.6972,3,True,2193.095372442339
245,1600.61569291422,-794.46697367888,1271.42398276824,2.833,14.732,3,True,2193.095372442339
243,1600.61569291422,-794.46697367888,1271.42398276824,2.833,14.1601,3,True,2193.095372442339
395,1436.11563119713,-748.971656586886,1478.32672015899,0.5,0.808,4,True,2192.905957873085
176,1786.1291189554,-735.2,1034.43050786013,0.5,0.8167,4,True,2191.0779870128217
172,1779.64460260952,-748.7,1030.58028380905,2.0,20.8765,2,False,2188.557132672834
171,1779.64460260952,-748.7,1030.58028380905,3.0,21.0259,10,True,2188.557132672834
175,1785.31020903367,-735.2,1025.60292694721,0.5,0.8167,4,True,2186.255462255619
393,1439.29194727615,-748.971656586886,1463.3833278964,0.5,0.808,4,True,2184.950941378231
394,1432.27528424092,-748.971656586886,1469.7011596708,0.5,0.808,4,True,2184.5806304541857
2,1596.63778440291,-773.516369995697,1273.03173017407,3.1998,0.3949,0,False,2183.618459178329
174,1776.66162360064,-735.2,1023.65388404323,0.5,0.8167,4,True,2178.2820843710883
173,1772.13541377016,-735.2,1031.27689019594,0.5,0.8167,4,True,2178.1907604685466
333,1325.6002286692,-741.928879913523,1548.52029272369,0.5,0.808,4,True,2169.2370838787156
370,1314.74380430754,-741.928879913523,1551.09823052559,0.5,0.808,4,True,2164.4665519601854
332,1314.74380430754,-754.928879913523,1544.57224172823,2.0,21.5069,2,False,2164.294872379898
331,1314.74380430754,-754.928879913523,1544.57224172823,3.0,21.8783,12,True,2164.294872379898
390,1397.28776823418,-746.971656586886,1467.26378606562,0.5,0.808,4,True,2159.4542784927467
389,1390.1264946655,-746.971656586886,1472.46675586795,0.5,0.808,4,True,2158.3736178084255
343,1390.1264946655,-759.971656586885,1464.93694723305,3.0,21.7699,12,True,2157.7879528245803
344,1390.1264946655,-759.971656586885,1464.93694723305,2.0,21.6463,2,False,2157.7879528245803
336,1321.85344355934,-741.928879913523,1535.46718344767,0.5,0.808,4,True,2157.640948013395
334,1303.64016635039,-741.928879913523,1547.75944751065,0.5,0.808,4,True,2155.3411455104456
391,1394.55240513368,-746.971656586886,1458.84520408302,0.5,0.808,4,True,2151.969422618341
388,1382.96522109682,-746.971656586886,1467.26378606562,0.5,0.808,4,True,2150.2145186950884
335,1308.28137865125,-741.928879913523,1534.99695524583,0.5,0.808,4,True,2149.017049999678
387,1385.70058419732,-746.971656586886,1458.84520408302,0.5,0.808,4,True,2146.243717350147
53,1722.39931755089,-734.761908642507,1046.16839806271,4.0,1.4242,2,False,2144.994822510499
51,1722.39931755089,-734.761908642507,1046.16839806271,5.0,7.527,2,False,2144.994822510499
58,1722.39931755089,-734.761908642507,1046.16839806271,2.5,3.517,2,False,2144.994822510499
62,1721.19579407913,-743.700000000001,1039.78411682654,1.0,1.0165,4,True,2144.004585153781
55,1724.0278940939,-731.379655643851,1043.38714038919,3.0,5.1179,2,False,2143.7922252478425
60,1724.0278940939,-731.379655643851,1043.38714038919,0.5,5.1179,2,False,2143.7922252478425
52,1721.21200876168,-734.76190956006,1041.81918465149,4.0,1.1323,2,False,2141.922747522342
50,1721.21200876168,-734.76190956006,1041.81918465149,5.0,5.9506,2,False,2141.922747522342
57,1721.21200876168,-734.76190956006,1041.81918465149,2.5,2.579,2,False,2141.922747522342
378,1329.20694963516,-742.457212101439,1504.27744007614,0.5,0.808,4,True,2140.300082577645
59,1713.7334637568,-732.006178438332,1051.07156537354,0.5,9.9535,3,True,2139.5015460636046
54,1713.7334637568,-732.006178438332,1051.07156537354,3.0,10.0846,7,True,2139.5015460636046
330,1323.62658148215,-755.457212101439,1499.07366258725,2.0,17.8827,2,False,2137.738237573757
328,1323.62658148215,-755.457212101439,1499.07366258725,3.0,18.173,12,True,2137.738237573757
377,1320.40192358614,-742.457212101439,1505.98896376151,0.5,0.808,4,True,2136.0493230688485
379,1330.30009656645,-742.457212101439,1495.37447277101,0.5,0.808,4,True,2134.733208750293
56,1711.25682857535,-732.006178661368,1041.99945488959,3.0,10.0845,7,True,2133.071926338722
61,1711.25682857535,-732.006178661368,1041.99945488959,0.5,9.9535,3,True,2133.071926338722
381,1316.05326514731,-742.457212101439,1498.1437762665,0.5,0.808,4,True,2127.833095633299
380,1322.17067247567,-742.457212101439,1491.58366006109,0.5,0.808,4,True,2127.016646365854
283,1253.05618945316,-743.824292460835,1544.15552490445,0.5,0.808,4,True,2123.1676045650925
371,1242.19976509151,-743.824292460835,1547.73728254389,0.5,0.808,4,True,2119.3927267556173
281,1242.19976509151,-756.824292460835,1540.20747390899,3.0,22.8421,12,True,2118.509459204126
282,1242.19976509151,-756.824292460835,1540.20747390899,2.0,22.4025,2,False,2118.509459204126
285,1249.3094043433,-743.824292460835,1531.10241562843,0.5,0.808,4,True,2111.474170568678
372,1235.03849152283,-743.824292460835,1542.53431274157,0.5,0.808,4,True,2111.399242110065
284,1235.73733943521,-743.824292460835,1530.6321874266,0.5,0.808,4,True,2103.1301061312424
182,1681.0771796768,-733.799999999976,1027.0164436568,0.5,0.8167,2,False,2102.2002044456967
177,1674.01358409411,-747.299999999988,1025.21778366797,3.0,20.4445,9,True,2100.440495153494
178,1674.01358409411,-747.299999999988,1025.21778366797,2.0,20.3197,1,False,2100.440495153494
373,1254.87065236404,-744.963790564003,1508.06093492463,0.5,0.808,4,True,2098.5516879175952
181,1679.85777427671,-733.799999999982,1020.4513784614,0.5,0.8167,4,True,2098.0242128254017
329,1245.8,-757.963790564003,1505.11370131387,2.0,20.5283,2,False,2095.684614079344
327,1245.8,-757.963790564003,1505.11370131387,3.0,20.8819,10,True,2095.684614079344
180,1671.2864174479,-733.799999999982,1018.18672830142,0.5,0.8167,4,True,2090.0633824922534
179,1666.91691407853,-733.799999999988,1023.41070167106,0.5,0.8167,4,True,2089.125152482714
374,1251.40597146111,-744.963790564003,1497.39774354812,0.5,0.808,4,True,2088.824539554008
375,1236.72934763596,-744.963790564003,1508.06093492463,0.5,0.808,4,True,2087.7543706100355
376,1240.19402853889,-744.963790564003,1497.39774354812,0.5,0.808,4,True,2082.126864544524
237,1565.39657406106,-744.799999614164,1084.13348625868,3.0,21.5003,10,True,2044.6366155223675
238,1565.39657406106,-744.799999614164,1084.13348625868,2.0,21.4889,2,False,2044.6366155223675
242,1570.61202306256,-731.299999614152,1079.04146779603,0.5,0.8167,2,False,2041.0664628198017
239,1560.15670434974,-731.299999614164,1089.24934748256,0.5,0.8167,4,True,2038.4682417330669
189,1597.89545271063,-733.599999999996,1024.67273533557,0.5,0.8167,4,True,2035.0412900807155
241,1564.3730844723,-731.299999614158,1076.66183004701,0.5,0.8167,4,True,2035.0094675792595
188,1592.67194210814,-733.599999999996,1031.83595634428,0.5,0.8167,4,True,2034.5658789981276
183,1590.35403346502,-747.099999999996,1024.6595730626,3.0,19.9974,12,True,2034.0382499912043
184,1590.35403346502,-747.099999999996,1024.6595730626,2.0,19.8948,2,False,2034.0382499912043
240,1557.97433105694,-731.299999614158,1082.79801395588,0.5,0.8167,4,True,2033.3556611411555
41,1519.31856960579,-742.200000000005,1123.40750460226,1.0,1.0165,4,True,2030.0823080224277
218,1482.76032348145,-729.543146566349,1177.98149521036,0.5,0.808,4,True,2029.396901212471
219,1487.88486140404,-729.543146566349,1170.74652858831,0.5,0.808,4,True,2028.9608171916054
214,1480.34355381584,-742.543146566355,1170.83735122561,2.0,19.5945,1,False,2028.212874641559
215,1480.34355381584,-742.543146566355,1170.83735122561,3.0,19.6338,9,True,2028.212874641559
222,1427.23362011112,-732.49999999979,1240.66789949611,0.5,0.808,4,True,2028.006137371205
187,1592.69697823911,-733.599999999996,1017.49132451298,0.5,0.8167,4,True,2027.3483223045723
185,1584.24516054368,-733.599999999996,1029.081659574,0.5,0.8167,4,True,2026.5761152193722
221,1423.24821509272,-745.49999999979,1234.26507857636,3.0,19.441,10,True,2026.0345544825757
220,1423.24821509272,-745.49999999979,1234.26507857636,2.0,19.3909,2,False,2026.0345544825757
224,1430.56921753128,-732.49999999979,1232.45331363967,0.5,0.808,4,True,2025.3458239148083
43,1515.49934871334,-729.308561400938,1126.00821581523,0.5,5.1461,2,False,2023.987093774726
49,1515.49934871334,-729.308561400938,1126.00821581523,3.0,5.1461,2,False,2023.987093774726
217,1476.18436198604,-729.543146566343,1176.82251852316,0.5,0.808,2,False,2023.9230996698577
42,1518.06733540025,-725.190656594092,1123.86876316093,2.5,2.4851,2,False,2023.2426745275673
23,1518.06733540025,-725.190656594092,1123.86876316093,4.0,2.8517,2,False,2023.2426745275673
24,1518.06733540025,-725.190656594092,1123.86876316093,5.0,7.7664,4,True,2023.2426745275673
216,1484.52164927169,-729.543146566355,1164.82498119995,0.5,0.808,4,True,2023.0805635677834
25,1512.92763918156,-733.768050603353,1124.03732254083,4.0,2.4465,2,False,2022.5789220573054
44,1512.92763918156,-733.768050603353,1124.03732254083,2.5,2.571,2,False,2022.5789220573054
26,1512.92763918156,-733.768050603353,1124.03732254083,5.0,7.4308,3,True,2022.5789220573054
186,1584.26063372356,-733.599999999996,1020.21618954615,0.5,0.8167,4,True,2022.1008355119773
84,1387.55431172543,-742.976095181496,1268.93404968402,0.5,0.8087,4,True,2021.7601411756198
85,1393.36149584675,-742.976095181496,1260.10418103045,0.5,0.8087,4,True,2020.2307499812632
48,1518.12353803898,-730.87743274538,1114.18793195128,3.0,10.5291,7,True,2019.9741696740427
45,1518.12353803898,-730.87743274538,1114.18793195128,0.5,10.1777,3,True,2019.9741696740427
79,1385.19409136168,-743.476095181498,1264.16507856189,2.833,12.8153,3,True,2017.333071335774
77,1385.19409136168,-743.476095181498,1264.16507856189,2.833,11.9327,2,False,2017.333071335774
81,1385.19409136168,-743.476095181498,1264.16507856189,2.833,13.7724,3,True,2017.333071335774
80,1385.19409136168,-743.476095181498,1264.16507856189,2.833,12.9325,3,True,2017.333071335774
78,1385.19409136168,-743.476095181498,1264.16507856189,2.833,11.9303,2,False,2017.333071335774
223,1423.78743841307,-732.49999999979,1226.74252534611,0.5,0.8048,4,True,2017.0830779308758
83,1381.06075552879,-742.976095181496,1266.27198418512,0.5,0.8087,4,True,2015.635638304953
82,1386.94434905291,-742.976095181496,1257.3830407605,0.5,0.8087,4,True,2014.1102791488518
47,1508.8949364524,-730.877432727749,1115.85995407213,3.0,10.532,7,True,2013.973482453097
46,1508.8949364524,-730.877432727749,1115.85995407213,0.5,10.1777,3,True,2013.973482453097
229,1359.32977443864,-735.961095181494,1277.26225259593,0.5,0.808,4,True,2005.1970055838847
225,1352.01514084198,-748.961095181494,1275.42494362961,3.0,19.4952,10,True,2003.8953191207409
226,1352.01514084198,-748.961095181494,1275.42494362961,2.0,19.4589,2,False,2003.8953191207409
228,1345.01753484034,-735.961095181494,1278.23796320599,0.5,0.808,4,True,1996.1470870729256
227,1347.48428712968,-735.961095181494,1269.38251584528,0.5,0.232,2,False,1992.1557693151958
75,1300.00314106738,-744.398130933631,1271.11061303012,0.5,0.8087,4,True,1964.6523699322345
190,1499.16148077645,-745.999999999987,1024.62310722662,3.0,17.8855,9,True,1963.1234442353725
191,1499.16148077645,-745.999999999987,1024.62310722662,2.0,17.8049,1,False,1963.1234442353725
76,1305.79490532362,-744.398130933631,1262.27062238204,0.5,0.8087,4,True,1962.792917308229
70,1297.63460087787,-744.898130933634,1266.34576853111,2.833,13.0132,3,True,1960.193967019728
72,1297.63460087787,-744.898130933634,1266.34576853111,2.833,12.1092,2,False,1960.193967019728
71,1297.63460087787,-744.898130933634,1266.34576853111,2.833,13.0914,3,True,1960.193967019728
73,1297.63460087787,-744.898130933634,1266.34576853111,2.833,12.1677,2,False,1960.193967019728
194,1495.57922024858,-732.499999999987,1031.01025683846,0.5,0.8167,4,True,1958.6463702632589
74,1293.50494858255,-744.398130933631,1268.4598849736,0.5,0.8087,4,True,1958.6408831463382
195,1502.72704597608,-732.499999999975,1018.26572528761,0.5,0.8167,2,False,1957.449849166885
193,1491.66416014463,-732.499999999981,1025.43757688675,0.5,0.8167,4,True,1952.7264121610394
192,1496.07007461133,-732.499999999981,1017.74441655136,0.5,0.8167,4,True,1952.0721338026908
272,1276.35132887256,-739.183130933744,1273.96892657108,0.25,0.8042,4,True,1948.9641458068006
270,1271.33460086122,-753.43313093066,1269.34576856504,2.385,21.6503,10,True,1948.1252090933237
271,1271.33460086122,-753.43313093066,1269.34576856504,1.19,21.2532,2,False,1948.1252090933237
273,1277.74009170437,-739.183130934991,1266.60037168073,0.25,0.8042,4,True,1945.0675938252919
274,1272.27843525754,-739.183130934774,1262.5805227847,0.25,0.8042,4,True,1938.8640216361734
275,1264.71283191864,-739.183130928476,1267.90198941007,0.25,0.8042,4,True,1937.386307120731
199,1421.76000258928,-735.100000000002,1026.99811563503,0.5,0.8167,4,True,1901.7094006394811
197,1414.64239308825,-748.600000000002,1024.5055642365,2.0,19.3227,2,False,1900.3227913894007
196,1414.64239308825,-748.600000000002,1024.5055642365,3.0,19.302,12,True,1900.3227913894007
69,1253.90158489009,-742.269965933632,1219.15582499125,0.5,0.8087,4,True,1899.88810526491
66,1256.23460087786,-742.769965933634,1215.14576853112,2.833,13.8801,3,True,1899.0555109092768
65,1256.23460087786,-742.769965933634,1215.14576853112,2.833,13.7437,3,True,1899.0555109092768
63,1256.23460087786,-742.769965933634,1215.14576853112,2.833,11.8869,2,False,1899.0555109092768
64,1256.23460087786,-742.769965933634,1215.14576853112,2.833,11.7281,2,False,1899.0555109092768
68,1251.59528211888,-742.269965933632,1215.13034564834,0.5,0.8087,4,True,1895.7840619292083
201,1419.21241263317,-735.100000000002,1018.5065560816,0.5,0.8167,4,True,1895.2286107362531
67,1253.92829810666,-742.269965933632,1211.12028918821,0.5,0.8087,4,True,1894.759413224569
198,1407.41904108996,-735.100000000002,1026.67267369202,0.5,0.8167,4,True,1890.8350393750657
200,1410.34921099523,-735.100000000002,1018.30542189946,0.5,0.8167,4,True,1888.4922131755554
211,1262.45708609517,-747.000000000003,1153.23780467029,3.0,16.4061,3,True,1865.9486403308806
212,1255.17604112589,-733.500000000004,1155.20238137756,0.5,0.8167,4,True,1856.8741707926397
213,1258.33869598365,-733.500000000004,1146.92020699612,0.5,0.8167,4,True,1853.8782282086008
202,1331.5652456314,-749.000000000003,1031.20623973796,3.0,17.1681,5,True,1843.218194421897
203,1331.5652456314,-749.000000000003,1031.20623973796,2.0,16.453,1,False,1843.218194421897
205,1335.18681787318,-735.500000000003,1024.59130270265,0.5,0.8167,4,True,1836.7012348763274
204,1326.39319402816,-735.500000000003,1025.71779189755,0.5,0.8167,4,True,1830.94951972451
206,1296.62573972817,-753.198130930659,1045.98948500057,1.19,19.4333,1,False,1828.288745273793
207,1296.62573972817,-753.198130930658,1045.98948500057,2.385,19.5185,3,True,1828.2887452737925
209,1264.75752194222,-734.800000000001,1091.61868006271,0.5,0.8167,4,True,1825.1503970827387
210,1268.93327001796,-734.800000000001,1083.79819886,0.5,0.8167,4,True,1823.387292818137
208,1291.95379788371,-738.198130929108,1047.04235256823,0.5,0.8175,4,True,1819.444636268162
